,Chain_Model,Fold,label,MAE,MSE,RMSE,MAPE,SMAPE,MSLE
0,LightGBM(DEG),0,disparate_parity,0.0972659135388661,0.0179518610127379,0.1339845551275889,1493165911357.0537,0.7055741154733645,0.0112230576211164
1,LightGBM(DEG),0,equal_opportunity,0.1139521585933522,0.0284935779139619,0.1688004085124261,2696814666928.912,0.7436290918339461,0.0162109831909184
2,LightGBM(DEG),0,group_fairness,0.0766424938106439,0.0153056894090182,0.1237161647038019,0.2216400186569481,0.191024838801895,0.0044254856731526
3,LightGBM(DGE),0,disparate_parity,0.0972659134692203,0.0179518609951312,0.1339845550618848,1493165903924.451,0.7055741149448209,0.0112230576112843
4,LightGBM(DGE),0,equal_opportunity,0.1142445725277861,0.0286693089125886,0.1693201373510801,2751891319889.362,0.7445870348301176,0.0163241244335778
5,LightGBM(DGE),0,group_fairness,0.0779180742792269,0.0158508195957257,0.1259000381085157,0.2242925763443236,0.193099708955561,0.0045637632316063
6,LightGBM(EDG),0,disparate_parity,0.0963911411852769,0.0179800650897732,0.1340897650448135,1418402767889.8052,0.6987772796693795,0.0112247479578503
7,LightGBM(EDG),0,equal_opportunity,0.1102866613807002,0.0276533437924384,0.1662929457085853,2274289568299.3774,0.7210749916288458,0.0157763026481014
8,LightGBM(EDG),0,group_fairness,0.0613515570915331,0.0095366613300463,0.0976558310089385,0.1811793144994085,0.163641350805313,0.0028927488118463
9,LightGBM(EGD),0,disparate_parity,0.0961828496206711,0.0179363820169929,0.1339267785657257,1403918821473.934,0.6981838793174132,0.0111926583494372
10,LightGBM(EGD),0,equal_opportunity,0.1102866613767394,0.0276533437958241,0.1662929457187651,2274289566089.96,0.721074991258124,0.0157763026427846
11,LightGBM(EGD),0,group_fairness,0.0616823956686473,0.0096606580901202,0.0982886468017553,0.1805004162766164,0.163221573300651,0.0029073003509595
12,LightGBM(GDE),0,disparate_parity,0.1050076813752989,0.0226536813081466,0.1505113992631343,342044160959.4504,0.73190223351435,0.0141627823621538
13,LightGBM(GDE),0,equal_opportunity,0.1168905476473749,0.0327975350519982,0.181100897435651,726498605320.0819,0.7575060481204641,0.0189214459217162
14,LightGBM(GDE),0,group_fairness,0.0367960088767059,0.0055880307221376,0.0747531318550446,0.0958570114125243,0.0944469574361095,0.0014623956062934
15,LightGBM(GED),0,disparate_parity,0.1039592542492125,0.0218314234481962,0.1477546055058734,450885783521.8156,0.7307997549622985,0.0136980942091339
16,LightGBM(GED),0,equal_opportunity,0.1146467648569641,0.032313349208575,0.1797591422113908,550093250512.2559,0.7351995306056018,0.0187033147112165
17,LightGBM(GED),0,group_fairness,0.0367960093536558,0.0055880307626404,0.0747531321259548,0.0958570167264117,0.0944469615056722,0.0014623956192847
18,AverageEnsemble(2),0,disparate_parity,0.0961041231087509,0.0178884078735335,0.1337475527758677,1411160794681.8674,0.6982952167105638,0.0111616832892573
19,AverageEnsemble(2),0,equal_opportunity,0.1102866613787198,0.0276533437941313,0.1662929457136752,2274289567194.6685,0.7210749914434849,0.015776302645443
20,AverageEnsemble(2),0,group_fairness,0.0612926814180507,0.0095264694433494,0.0976036343757213,0.1801506951723204,0.1628303986006826,0.0028755563740634
21,EnsembleTree(2),0,disparate_parity,0.1022869388902747,0.0199146671681672,0.1411193366203487,2112348485350.2693,0.7392383169772426,0.0124768100358656
22,EnsembleTree(2),0,equal_opportunity,0.1195177642805574,0.0322641926116024,0.1796223611124251,2740404694721.497,0.7635341551427466,0.0183584039958486
23,EnsembleTree(2),0,group_fairness,0.0790874623237408,0.0133007467895542,0.115328863644598,0.4779351302478924,0.2949264670927884,0.0044925657972567
24,AverageEnsemble(3),0,disparate_parity,0.0962232794576531,0.0178031576032511,0.1334284737349982,1438495833573.5933,0.6992872051424976,0.011113988079897
25,AverageEnsemble(3),0,equal_opportunity,0.1110397853195977,0.0276039713108981,0.1661444290697046,2415131267106.081,0.7282763824088205,0.0157217877438099
26,AverageEnsemble(3),0,group_fairness,0.0658652000492574,0.0109949300551678,0.1048567120177236,0.1914776286046159,0.1701549904334302,0.0032715194060296
27,EnsembleTree(3),0,disparate_parity,0.1032308542494249,0.0201399479172924,0.1419152842976839,2228422293681.7417,0.7437856748227712,0.0125860683080024
28,EnsembleTree(3),0,equal_opportunity,0.1193598031657389,0.0334223463135239,0.1828177953961919,2847819276620.523,0.7599968539417913,0.0188550089037486
29,EnsembleTree(3),0,group_fairness,0.0754265716700045,0.0127678910571756,0.1129950930668037,0.3907950610716171,0.2647438659298385,0.004154284313578
30,AverageEnsemble(4),0,disparate_parity,0.0960940897538607,0.0180159880470989,0.1342236493584457,1178725924502.1123,0.6945323721255209,0.011231299797959
31,AverageEnsemble(4),0,equal_opportunity,0.1094219236339661,0.027436238329128,0.1656388792799806,1943161774068.096,0.7150533167149248,0.0156555328144891
32,AverageEnsemble(4),0,group_fairness,0.055699394449518,0.008297222886001,0.091089093123167,0.1590147290668798,0.1448338835088087,0.0023903855907672
33,EnsembleTree(4),0,disparate_parity,0.1039976350195543,0.0204093120504455,0.14286116354855,2100919716077.28,0.7438064349518816,0.0127996546712093
34,EnsembleTree(4),0,equal_opportunity,0.1223204613019279,0.0348187937669008,0.1865979468453519,2863235849738.6323,0.7671246860766773,0.0197457694198254
35,EnsembleTree(4),0,group_fairness,0.0616361128732493,0.0087406351314078,0.0934913639402479,0.3563917230096753,0.2396999212630269,0.0027516294061386
36,AverageEnsemble(5),0,disparate_parity,0.096017240544235,0.017892949006828,0.1337645282084457,1241613920386.5776,0.6958168557093511,0.0111572201859165
37,AverageEnsemble(5),0,equal_opportunity,0.1099857889871978,0.0273789230742078,0.1654657761417986,2104907683232.347,0.7206803838406399,0.0156020700518774
38,AverageEnsemble(5),0,group_fairness,0.059733294374701,0.0093881944436196,0.0968926955121986,0.170810227933927,0.1535954831411582,0.0027100562918511
39,EnsembleTree(5),0,disparate_parity,0.1039976350195543,0.0204093120504455,0.14286116354855,2100919716077.28,0.7438064349518815,0.0127996546712093
40,EnsembleTree(5),0,equal_opportunity,0.1223204613019279,0.0348187937669008,0.1865979468453519,2863235849738.6323,0.7671246860766772,0.0197457694198254
41,EnsembleTree(5),0,group_fairness,0.0616361128732493,0.0087406351314078,0.0934913639402479,0.3563917230096753,0.2396999212630269,0.0027516294061386
42,AverageEnsemble(6),0,disparate_parity,0.0964405394026167,0.0181729861434264,0.1348072184396164,1073129064831.2826,0.6955844439518652,0.0113329073342396
43,AverageEnsemble(6),0,equal_opportunity,0.1095343846372941,0.0274136245419161,0.1655706028916851,1867481808435.6904,0.7155895457607104,0.0156653232038241
44,AverageEnsemble(6),0,group_fairness,0.0542294435639051,0.0080190019861771,0.0895488804295014,0.1535770847855991,0.1402948753147799,0.0022746769474389
45,EnsembleTree(6),0,disparate_parity,0.1035718257490899,0.0203280413558213,0.1425764403953939,2100919716077.255,0.7418568989975424,0.0127475646175767
46,EnsembleTree(6),0,equal_opportunity,0.1206951292155012,0.0337538968593185,0.1837223363103096,2863235849738.588,0.7625529937293747,0.0191711747846693
47,EnsembleTree(6),0,group_fairness,0.0615352732283929,0.0087703872241516,0.0936503455634394,0.3555845796281874,0.2386019903277087,0.0027610742784126
48,LightGBM(DEG),1,disparate_parity,0.0958627058390889,0.0171806321968644,0.1310749106307704,1230411777343.039,0.6968586542075325,0.0106725071175327
49,LightGBM(DEG),1,equal_opportunity,0.1123886371746367,0.0260505128630236,0.1614017127016427,2487241108709.392,0.7473916309088641,0.0152720173670931
50,LightGBM(DEG),1,group_fairness,0.0740396499633971,0.0144824302956047,0.1203429694481763,0.2527195858578663,0.1967572717479391,0.0043201799054212
51,LightGBM(DGE),1,disparate_parity,0.095862705826452,0.0171806322155286,0.131074910701967,1230411781614.9497,0.6968586538748888,0.0106725071305822
52,LightGBM(DGE),1,equal_opportunity,0.1126563212032664,0.0262550598640352,0.162034131787211,2554802102743.8804,0.7481503419431178,0.0153516901448761
53,LightGBM(DGE),1,group_fairness,0.0737589771354023,0.0143369706181167,0.1197370895675886,0.2492245083241584,0.1951854608546588,0.0042850490402004
54,LightGBM(EDG),1,disparate_parity,0.0956102480766725,0.0172589132949208,0.1313731833172996,1183333330016.1218,0.6934971072085606,0.0107160809080078
55,LightGBM(EDG),1,equal_opportunity,0.1109560402039003,0.0254947553240647,0.1596707716649004,2336254430798.0376,0.73971149072214,0.0149701687948581
56,LightGBM(EDG),1,group_fairness,0.0670640075598383,0.0119414516819144,0.1092769494537363,0.2143433041170933,0.1756544416562119,0.0036110220931311
57,LightGBM(EGD),1,disparate_parity,0.0957742780080227,0.017379312796309,0.1318306216184578,1193835571642.4392,0.6924218967469503,0.0107879179060583
58,LightGBM(EGD),1,equal_opportunity,0.1109560403212063,0.0254947553702864,0.1596707718096409,2336254419623.8003,0.7397114910138848,0.0149701688289903
59,LightGBM(EGD),1,group_fairness,0.0670573690432123,0.0118063166546063,0.1086568757815462,0.2169078997824451,0.1761638546163991,0.0035995564925562
60,LightGBM(GDE),1,disparate_parity,0.1033681766016223,0.0217912231244474,0.1476185053590756,316157553788.51666,0.7166159635743393,0.0134721117405451
61,LightGBM(GDE),1,equal_opportunity,0.1138459214523402,0.0292309766589592,0.1709706894732521,930405315332.5356,0.7547470715587912,0.0172349185743746
62,LightGBM(GDE),1,group_fairness,0.0375447932565099,0.0054561376352842,0.0738656729156668,0.131019298771043,0.1197908423950844,0.0014925433565385
63,LightGBM(GED),1,disparate_parity,0.1038279031596439,0.0215347690342581,0.1467472965143076,384869524049.19073,0.739010173684812,0.0133671445443467
64,LightGBM(GED),1,equal_opportunity,0.1122347337767094,0.0282014911194603,0.1679329959223627,1073892955751.5106,0.7414317570317,0.0167852503882226
65,LightGBM(GED),1,group_fairness,0.0375447933673768,0.0054561376872637,0.0738656732675178,0.1310192991523924,0.1197908388891589,0.0014925433640708
66,AverageEnsemble(2),1,disparate_parity,0.0955942917247268,0.0172750337556345,0.131434522693372,1188584450829.2795,0.6934117020648052,0.0107246413217809
67,AverageEnsemble(2),1,equal_opportunity,0.1109560402625533,0.0254947553471755,0.1596707717372706,2336254425210.919,0.7397114908680127,0.0149701688119242
68,AverageEnsemble(2),1,group_fairness,0.066879003893876,0.0118049858332275,0.1086507516459391,0.2147581850064863,0.1750723274656529,0.0035835191924435
69,EnsembleTree(2),1,disparate_parity,0.1037816159337653,0.0196116161239752,0.140041480012085,1464231882721.9182,0.7394063111502556,0.0123209226685662
70,EnsembleTree(2),1,equal_opportunity,0.1169166706407197,0.0293171789138529,0.17122260047626,1888333163777.297,0.7656647832983842,0.0171410720575437
71,EnsembleTree(2),1,group_fairness,0.0821200641780123,0.0142435585227325,0.1193463804341487,0.4691164450606973,0.2947138633742062,0.004854916967367
72,AverageEnsemble(3),1,disparate_parity,0.0955741232830412,0.0171920695930518,0.1311185326071482,1202526893000.5308,0.6936334203375893,0.0106738129016993
73,AverageEnsemble(3),1,equal_opportunity,0.1112945141474676,0.0255495712974344,0.1598423326200993,2386583319710.4087,0.7425334111944234,0.0149889156671975
74,AverageEnsemble(3),1,group_fairness,0.069017815132344,0.0125417904030819,0.111990135293614,0.2260891870346335,0.1813016046956395,0.0037851957560821
75,EnsembleTree(3),1,disparate_parity,0.1049346452298573,0.0201823995101387,0.1420647722348461,1462890139081.65,0.742762393112778,0.0125855350011058
76,EnsembleTree(3),1,equal_opportunity,0.1168877848154447,0.0291441155724563,0.1707164771557109,1874927662468.708,0.7674217603907705,0.0171077475246143
77,EnsembleTree(3),1,group_fairness,0.0808462558190343,0.0143121885350096,0.1196335594012385,0.4195222076178583,0.2757147815713596,0.0047207333568464
78,AverageEnsemble(4),1,disparate_parity,0.0956129817533185,0.0171698988831612,0.1310339608008597,1209498115154.1353,0.6945495945585974,0.0106609897398985
79,AverageEnsemble(4),1,equal_opportunity,0.111579951897123,0.025666142798099,0.1602065629058279,2428638015468.777,0.743887767905995,0.0150432188455746
80,AverageEnsemble(4),1,group_fairness,0.070073607720584,0.0129371181184055,0.1137414529466082,0.2314282782156351,0.1844249968732746,0.0038945640325947
81,EnsembleTree(4),1,disparate_parity,0.1053604279881441,0.0202432746776318,0.1422788623711611,1478935976035.4106,0.7449507281148939,0.0126335017193089
82,EnsembleTree(4),1,equal_opportunity,0.1172138374176531,0.0292183918459497,0.170933881503784,1954311003612.3835,0.7683686964934013,0.0171539959811088
83,EnsembleTree(4),1,group_fairness,0.0818186117052941,0.0147848190096187,0.1215928411117149,0.4203049920139555,0.2764943607616764,0.004801981280249
84,AverageEnsemble(5),1,disparate_parity,0.0955325380296299,0.0173043125611161,0.1315458572556207,1029747933686.1724,0.6941595933957297,0.0107336816925571
85,AverageEnsemble(5),1,equal_opportunity,0.1094963412956234,0.0249948841076608,0.1580977043086357,2157689003525.2888,0.7334625365968186,0.0146561633135403
86,AverageEnsemble(5),1,group_fairness,0.0609556339720819,0.0100037995199068,0.1000189957953332,0.2019397265913662,0.1633118792243261,0.0029657373624182
87,EnsembleTree(5),1,disparate_parity,0.1065824156154967,0.0203678573150952,0.1427160023091146,2126445309092.6548,0.7508377015220666,0.0128050529861083
88,EnsembleTree(5),1,equal_opportunity,0.1179667578128085,0.0301813467158373,0.1737277948856698,2630638704024.7974,0.7690220915858361,0.0175776986188777
89,EnsembleTree(5),1,group_fairness,0.0574714992552758,0.0081870739331818,0.0904824509680295,0.4089343901769326,0.2294471943663034,0.00256426439683
90,AverageEnsemble(6),1,disparate_parity,0.09568285944112,0.0175297105380532,0.1323998132100392,910160213180.638,0.6921722355354389,0.0108731021388859
91,AverageEnsemble(6),1,equal_opportunity,0.1082886787860593,0.024778909689985,0.157413181436578,1939314031579.6875,0.726802140160366,0.0145369832821273
92,AverageEnsemble(6),1,group_fairness,0.0551791728936568,0.008447454495373,0.0919100347914906,0.1835939421827415,0.1501438357831696,0.0024726647869427
93,EnsembleTree(6),1,disparate_parity,0.1063259926320212,0.0204835300395652,0.1431206834792414,2086769800186.233,0.7490896611325915,0.0128116063410142
94,EnsembleTree(6),1,equal_opportunity,0.1168467135906366,0.0296786050116056,0.1722747950560548,2524182117230.0894,0.766372076619971,0.0173210439661497
95,EnsembleTree(6),1,group_fairness,0.057940649957327,0.008241556235787,0.0907830173313658,0.4123889321006839,0.2308225657805832,0.0025867356758608
96,LightGBM(DEG),2,disparate_parity,0.092540351199649,0.0158826418574316,0.1260263538210624,427405408625.30273,0.6863203158400865,0.0100891381103461
97,LightGBM(DEG),2,equal_opportunity,0.1068747617512981,0.0232091447725406,0.1523454783462267,651379370734.8926,0.7435299577860996,0.0139440109836538
98,LightGBM(DEG),2,group_fairness,0.0724325314199061,0.0140403292005919,0.118491895083976,0.2186476147230155,0.1871194062222235,0.004204593728137
99,LightGBM(DGE),2,disparate_parity,0.0925403510972499,0.0158826418218746,0.1260263536799928,427405396831.85065,0.6863203155884942,0.0100891380941147
100,LightGBM(DGE),2,equal_opportunity,0.1068095299832552,0.0232905828447464,0.1526125251896005,696419282104.173,0.7427526996331422,0.0139800938169583
101,LightGBM(DGE),2,group_fairness,0.0723274929726155,0.0139889565997323,0.11827491957187,0.2179191868059985,0.1866759196151974,0.0041950208819229
102,LightGBM(EDG),2,disparate_parity,0.0917651209162795,0.0157063250061613,0.1253248778421961,427520731276.8799,0.6849034508532678,0.0099614541257334
103,LightGBM(EDG),2,equal_opportunity,0.1058178190004738,0.0228288235515964,0.1510921028763464,632077322023.5436,0.7389649484016745,0.0137424144688837
104,LightGBM(EDG),2,group_fairness,0.0665870859222597,0.0115239548232267,0.1073496847840121,0.2290319463771674,0.1873939878712603,0.0035889399416772
105,LightGBM(EGD),2,disparate_parity,0.0917369556981569,0.0156880198264436,0.1252518256411604,425853503216.5506,0.6839683736727237,0.0099473450437001
106,LightGBM(EGD),2,equal_opportunity,0.1058178189942374,0.022828823526226,0.1510921027923896,632077319356.5378,0.7389649487153286,0.0137424144585867
107,LightGBM(EGD),2,group_fairness,0.0661034585554917,0.0112531119729335,0.106080686144715,0.2258339559728922,0.1863450584461168,0.0035042274618782
108,LightGBM(GDE),2,disparate_parity,0.0986861958976752,0.0195331728674087,0.1397611278840034,60171869839.08029,0.7049597243374416,0.0124211954996393
109,LightGBM(GDE),2,equal_opportunity,0.1119044930312656,0.0285105541189434,0.1688506858705154,194705525061.01425,0.7711414386854635,0.0168404225576671
110,LightGBM(GDE),2,group_fairness,0.0353391045154059,0.0056469904236171,0.07514645982092,0.1026959552621288,0.095052282881544,0.0014605652978364
111,LightGBM(GED),2,disparate_parity,0.0989112759386021,0.0196431320110534,0.1401539582425463,223617234079.5074,0.7166455219392371,0.0124410235810248
112,LightGBM(GED),2,equal_opportunity,0.1088051263186092,0.0272735681393851,0.1651471105995655,66713812637.70113,0.7320000390064437,0.0163915923309949
113,LightGBM(GED),2,group_fairness,0.035363001298346,0.0056499114753406,0.0751658930322831,0.1040325311837068,0.0951347969600082,0.0014628477681747
114,AverageEnsemble(2),2,disparate_parity,0.0916765513193515,0.0156704672868648,0.1251817370340613,426687117246.7144,0.6836353250061163,0.0099373396616211
115,AverageEnsemble(2),2,equal_opportunity,0.1058178189973556,0.0228288235389112,0.151092102834368,632077320690.0408,0.7389649485585017,0.0137424144637352
116,AverageEnsemble(2),2,group_fairness,0.0661810333407125,0.0113205778016873,0.1063982039401388,0.2271266764410278,0.1865947547752713,0.0035254006093008
117,EnsembleTree(2),2,disparate_parity,0.1034944586739752,0.0189153418385497,0.1375330572573361,768182549787.8799,0.7390704416979051,0.0121494091706623
118,EnsembleTree(2),2,equal_opportunity,0.1120981456226203,0.0260597850082694,0.1614304339592428,674676614191.1992,0.7628992965973966,0.0156775062776537
119,EnsembleTree(2),2,group_fairness,0.0831780440817678,0.0152860674218775,0.1236368368322221,0.4347899986093095,0.2776270491412561,0.0050880412127123
120,AverageEnsemble(3),2,disparate_parity,0.0918414496010619,0.0156873413126785,0.1252491170135685,426926543775.0922,0.6844513971595998,0.0099529509873959
121,AverageEnsemble(3),2,equal_opportunity,0.106004685318514,0.0228580763913845,0.1511888765464728,653524641161.4175,0.7402866604522905,0.0137474215734549
122,AverageEnsemble(3),2,group_fairness,0.0679222456432395,0.0120290968036933,0.1096772392235203,0.2232479911680341,0.1860765002291795,0.0036956568200411
123,EnsembleTree(3),2,disparate_parity,0.1017114688244824,0.0183904320742819,0.1356113272344238,765628904308.7878,0.7309599646012892,0.0117851831387735
124,EnsembleTree(3),2,equal_opportunity,0.1153618101202328,0.0281822973678272,0.1678758391425854,768841622459.8839,0.7681039868702537,0.016831140661258
125,EnsembleTree(3),2,group_fairness,0.0808067466002851,0.015130287572931,0.1230052339249473,0.3533408130229231,0.2594671570536832,0.0047978522693945
126,AverageEnsemble(4),2,disparate_parity,0.0911059292578465,0.0157126346220715,0.1253500483528885,339057094636.5375,0.6780475317808323,0.0099501525504134
127,AverageEnsemble(4),2,equal_opportunity,0.1040121617849153,0.0224646331124555,0.1498820640118609,506821934030.45154,0.726883888294313,0.0134998678781621
128,AverageEnsemble(4),2,group_fairness,0.0564083452661398,0.0089521766938896,0.0946159431274118,0.1828661266681013,0.1555329761103108,0.0026399790586977
129,EnsembleTree(4),2,disparate_parity,0.1017214894705227,0.0183986808148867,0.135641736994506,759189386386.633,0.7392752194027354,0.0118163546036615
130,EnsembleTree(4),2,equal_opportunity,0.1145720813094134,0.0291592529277716,0.1707608061815465,634325877609.2441,0.7612116976540005,0.0171992296182555
131,EnsembleTree(4),2,group_fairness,0.055656252338907,0.0076635697387054,0.0875418170859242,0.2898344898992585,0.2024668299029032,0.0024254520623527
132,AverageEnsemble(5),2,disparate_parity,0.0912198019153704,0.0156659584175192,0.1251637264446821,356726757434.2895,0.6794272108684193,0.0099247701863718
133,AverageEnsemble(5),2,equal_opportunity,0.104350082070227,0.0224352381800965,0.1497839717062428,535733421371.33856,0.7301613519422806,0.013478948842348
134,AverageEnsemble(5),2,group_fairness,0.0593924609621529,0.0097550608852668,0.0987677117547371,0.1895044665850173,0.1614319460411821,0.0028897224065544
135,EnsembleTree(5),2,disparate_parity,0.1016829713161116,0.018377184557175,0.1355624747383104,759189386386.62,0.7398245075641869,0.0118136837717303
136,EnsembleTree(5),2,equal_opportunity,0.1145128955964261,0.0291193539849717,0.1706439391978857,634325877609.256,0.7620447436223867,0.0172016252119193
137,EnsembleTree(5),2,group_fairness,0.055715605082894,0.0076687836724117,0.0875715916973749,0.2908110095695963,0.2032972969335872,0.0024276738705944
138,AverageEnsemble(6),2,disparate_parity,0.0911282189670812,0.0157789799368698,0.1256144097501152,307300942835.0731,0.6767978657203828,0.0099998891568933
139,AverageEnsemble(6),2,equal_opportunity,0.1036872088286681,0.0224775092333791,0.1499250120339471,478895438652.90814,0.7246665446236789,0.0135126088612085
140,AverageEnsemble(6),2,group_fairness,0.0535907022334801,0.0083252036371159,0.0912425538721704,0.1693780104520424,0.1461778048557236,0.0024057077921706
141,EnsembleTree(6),2,disparate_parity,0.1010365349148273,0.0181946915616852,0.1348876998161257,759189386386.5951,0.7355217834931391,0.0116556907835054
142,EnsembleTree(6),2,equal_opportunity,0.1141145687410359,0.0286352721667184,0.1692195974664826,634325877609.2452,0.7622472702753476,0.0169303789652771
143,EnsembleTree(6),2,group_fairness,0.0588735772213011,0.0090854730889912,0.095317748027276,0.302161797234543,0.208928063827468,0.0027281664541282
144,LightGBM(DEG),3,disparate_parity,0.0964461864247736,0.0175838119994084,0.1326039667559326,1923099856626.838,0.6885403555235586,0.0109140820937261
145,LightGBM(DEG),3,equal_opportunity,0.111745971842836,0.0264268478958673,0.1625633657865983,4181868513371.957,0.7481103900419207,0.0154050583007485
146,LightGBM(DEG),3,group_fairness,0.0740848486595423,0.0143343630550778,0.1197262003701691,0.2516067045508915,0.1953666171953645,0.0043154216607137
147,LightGBM(DGE),3,disparate_parity,0.0964461864111619,0.0175838120027291,0.1326039667684536,1923099822989.1736,0.6885403552980669,0.0109140820957028
148,LightGBM(DGE),3,equal_opportunity,0.1117214982980132,0.0262479045340518,0.1620120505828248,4108055698733.24,0.7491618858054885,0.0153147855259654
149,LightGBM(DGE),3,group_fairness,0.0744060151024342,0.0144059734432993,0.1200248867664508,0.2506153995784919,0.1955038660033311,0.0043508182815068
150,LightGBM(EDG),3,disparate_parity,0.0955127121900274,0.0177102664129257,0.1330799249057714,1917592374115.8325,0.6791028713671601,0.0109325059282142
151,LightGBM(EDG),3,equal_opportunity,0.1079744309820808,0.0259942943155447,0.1612274614187817,3455205022329.626,0.7278555640233285,0.0151746207341285
152,LightGBM(EDG),3,group_fairness,0.0600117607295716,0.0091895753401619,0.0958622727675593,0.2121498374892518,0.1710377994954335,0.0028868546803277
153,LightGBM(EGD),3,disparate_parity,0.0957701794417852,0.0176624842653776,0.132900279402933,1963191907314.757,0.6803783265756397,0.0109327207095815
154,LightGBM(EGD),3,equal_opportunity,0.1079969026617627,0.0260082566052563,0.1612707555797279,3455204938219.299,0.7278660882168781,0.0151836917051725
155,LightGBM(EGD),3,group_fairness,0.0603033251836187,0.0092779258659856,0.0963219905628288,0.2062816158943645,0.1680849913798501,0.0029090040978855
156,LightGBM(GDE),3,disparate_parity,0.1028063510346731,0.0215806437963157,0.1469035186655368,723641716540.783,0.7084446876680313,0.0133073108525804
157,LightGBM(GDE),3,equal_opportunity,0.1130493910825479,0.0300593403903538,0.173376297083407,2565671466695.145,0.759930649043577,0.0177641195498494
158,LightGBM(GDE),3,group_fairness,0.0401299252333851,0.0058635547248556,0.0765738514432679,0.1296514375822823,0.1200277476553399,0.001577873282443
159,LightGBM(GED),3,disparate_parity,0.1025131066789833,0.0210477905752181,0.1450785669050329,1092292942023.3127,0.7135284214615816,0.0129273608602197
160,LightGBM(GED),3,equal_opportunity,0.1115716324207638,0.0304103174239932,0.1743855424741205,1913427636886.028,0.733096193949124,0.0177743304970048
161,LightGBM(GED),3,group_fairness,0.0401299253704486,0.0058635547518512,0.0765738516195392,0.1296514380410074,0.120027742496194,0.0015778732841914
162,AverageEnsemble(2),3,disparate_parity,0.0964461864179678,0.0175838120010688,0.1326039667621931,1923099839808.006,0.6885403554108127,0.0109140820947145
163,AverageEnsemble(2),3,equal_opportunity,0.1117096056136027,0.0263119059282089,0.162209450798062,4144962106052.599,0.7486755533562706,0.0153431027021701
164,AverageEnsemble(2),3,group_fairness,0.074173824337977,0.0143203839708482,0.1196678067437029,0.250968301633254,0.195311628876829,0.0043192321282299
165,EnsembleTree(2),3,disparate_parity,0.1028637627189858,0.0194363562777618,0.1394143331145037,1758368447068.0576,0.7234584169874669,0.0121571223601641
166,EnsembleTree(2),3,equal_opportunity,0.1187633324173971,0.0297009733488836,0.1723397033445388,4118140751837.5767,0.7731643069492211,0.0174596609580865
167,EnsembleTree(2),3,group_fairness,0.082473539796076,0.0160266062026662,0.1265962329718631,0.3882977607691283,0.2562819416349249,0.0051200983389389
168,AverageEnsemble(3),3,disparate_parity,0.0958222287734599,0.0174872782795075,0.132239473227579,1921264017910.6123,0.684394474175291,0.0108322158189472
169,AverageEnsemble(3),3,equal_opportunity,0.1101127101880066,0.0259189837796245,0.1609937383242731,3915043078144.939,0.741337822830108,0.0151026409851257
170,AverageEnsemble(3),3,group_fairness,0.0687001387411845,0.0121687437049355,0.1103120288315628,0.2356800447569406,0.1853000521750903,0.0037203915592647
171,EnsembleTree(3),3,disparate_parity,0.1037843832790604,0.0196634180493483,0.1402263101181384,2110744634354.976,0.7287289327789872,0.0123278012970223
172,EnsembleTree(3),3,equal_opportunity,0.1177117757190413,0.0297849297341185,0.1725831096432051,3142771053233.021,0.7756934513702761,0.017451791161021
173,EnsembleTree(3),3,group_fairness,0.0716237254214636,0.0116651062514094,0.1080051214128728,0.3739628863085359,0.2458288087232349,0.0038078860587487
174,AverageEnsemble(4),3,disparate_parity,0.0956600204039565,0.0174638598990436,0.1321508982150468,1931745990261.648,0.6829546922036461,0.0108138301788963
175,AverageEnsemble(4),3,equal_opportunity,0.109441233851235,0.0258331753426885,0.1607270211964638,3800083543163.529,0.737792038471237,0.0150545621199752
176,AverageEnsemble(4),3,group_fairness,0.066234443608304,0.0112607963908951,0.1061168996479597,0.2271184354171445,0.1800601895625628,0.0034649914435971
177,EnsembleTree(4),3,disparate_parity,0.1046573414525558,0.0199930958349668,0.1413969442207532,1937027880925.436,0.7354789740161392,0.0125379745097011
178,EnsembleTree(4),3,equal_opportunity,0.1171060780001951,0.0301889429620222,0.1737496560054788,2853983739870.86,0.7696787916050589,0.017614576300798
179,EnsembleTree(4),3,group_fairness,0.0706493578211433,0.0110595012017435,0.1051641631058011,0.4068896757573832,0.2548958392508124,0.0036614413027426
180,AverageEnsemble(5),3,disparate_parity,0.0954294146593681,0.0175234232943382,0.1323760676796915,1763855380613.9502,0.6804331116721791,0.0108271854751358
181,AverageEnsemble(5),3,equal_opportunity,0.1076316670919591,0.0256147580380221,0.1600461122240155,3422752361907.998,0.7259208952888198,0.0149206285702424
182,AverageEnsemble(5),3,group_fairness,0.0584605171543568,0.009078577345932,0.0952815687629669,0.1985359303552923,0.1608301790213394,0.0027256510039665
183,EnsembleTree(5),3,disparate_parity,0.1046990401162392,0.0199221677816002,0.1411459095461157,1789712257747.0874,0.7352106670813888,0.0124759190476029
184,EnsembleTree(5),3,equal_opportunity,0.1168292131675994,0.0297251789299048,0.1724099154048422,4449717661477.03,0.7691083513769599,0.0173492561806427
185,EnsembleTree(5),3,group_fairness,0.0636761574888847,0.0088187952540989,0.0939084408032576,0.4575593260670103,0.2559385270032669,0.0029862530035838
186,AverageEnsemble(6),3,disparate_parity,0.0956827084091453,0.0177510981556947,0.1332332471858837,1590486436601.7437,0.6797990788670446,0.0109610400890115
187,AverageEnsemble(6),3,equal_opportunity,0.1066556852542191,0.0255939064379007,0.1599809564851414,3279905546039.1616,0.7192162997594437,0.0149214101646985
188,AverageEnsemble(6),3,group_fairness,0.0538902710183666,0.007930089847385,0.0890510519162187,0.1811972931602294,0.1492496871025935,0.0023338493021728
189,EnsembleTree(6),3,disparate_parity,0.1046784999491862,0.0198584804559705,0.1409201208343597,1939652971094.9773,0.7356498579802017,0.0124335683579016
190,EnsembleTree(6),3,equal_opportunity,0.1170397526808962,0.0298059040488361,0.1726438647877072,4604530136453.762,0.7712402322329112,0.0174256779192048
191,EnsembleTree(6),3,group_fairness,0.0638350251301655,0.0088333499742522,0.0939859030613222,0.4642735951265654,0.2572023309833974,0.0029998135124976
192,LightGBM(DEG),4,disparate_parity,0.0918655979958472,0.0156318211629205,0.1250272816745233,1492618856739.5764,0.6737521317621656,0.0099320078923075
193,LightGBM(DEG),4,equal_opportunity,0.1115773224986978,0.0268778156610092,0.1639445505682004,3307572906837.563,0.7452295751285942,0.0154332177368014
194,LightGBM(DEG),4,group_fairness,0.0715696477762839,0.0128504232720067,0.113359707444959,0.2398996366218155,0.1979206399076124,0.0039582613363062
195,LightGBM(DGE),4,disparate_parity,0.0918655981405865,0.0156318211963247,0.1250272818081109,1492618850734.9048,0.6737521319581733,0.0099320079079532
196,LightGBM(DGE),4,equal_opportunity,0.1110528809055676,0.0266033877509574,0.1631054497892618,3232103039244.592,0.7429458118997252,0.0152704461840439
197,LightGBM(DGE),4,group_fairness,0.0716474666563384,0.0128560985782991,0.1133847369723949,0.2406308698157156,0.1984507323150576,0.0039889596871389
198,LightGBM(EDG),4,disparate_parity,0.0918263256212546,0.0157109306724451,0.1253432514036759,1474770072407.1804,0.6714994889815092,0.0099535829856858
199,LightGBM(EDG),4,equal_opportunity,0.1104140940078508,0.0266193388693158,0.1631543406389048,3035667140780.3403,0.7355466122609574,0.0153402584022874
200,LightGBM(EDG),4,group_fairness,0.0711793784326063,0.0131310371009922,0.1145907374135984,0.1996767830408722,0.1805900511654136,0.0039548265958929
201,LightGBM(EGD),4,disparate_parity,0.091861299939562,0.0157197232031791,0.1253783203076958,1594356460004.8335,0.6715869529431434,0.0099635236809537
202,LightGBM(EGD),4,equal_opportunity,0.1104140939816808,0.0266193388377946,0.1631543405423055,3035667133567.986,0.7355466131080208,0.0153402583871103
203,LightGBM(EGD),4,group_fairness,0.0709027427288005,0.0129440003096945,0.113771702587658,0.1999778713131258,0.1801903573443996,0.0038998071409894
204,LightGBM(GDE),4,disparate_parity,0.0994094073235785,0.0198489287192466,0.1408862261516243,452501886173.4259,0.7071988417217075,0.0125181709837682
205,LightGBM(GDE),4,equal_opportunity,0.1131037905520288,0.030531928235595,0.1747338783281453,875835986902.089,0.7523850712051928,0.0176856333935072
206,LightGBM(GDE),4,group_fairness,0.0393211459935845,0.006418844244034,0.0801176899569254,0.1053540261213531,0.1075911334827889,0.0016508837996113
207,LightGBM(GED),4,disparate_parity,0.0976274119527961,0.0191821016655533,0.1384994644955471,687852602505.7151,0.7091525895506468,0.0120471702341009
208,LightGBM(GED),4,equal_opportunity,0.1136188023376794,0.0313412176049149,0.1770345096440661,592990417441.1115,0.7421967965447969,0.0181976479983846
209,LightGBM(GED),4,group_fairness,0.0393211462170577,0.0064188442778241,0.0801176901678032,0.1053540253337062,0.1075911313665295,0.0016508838014926
210,AverageEnsemble(2),4,disparate_parity,0.0917138955462454,0.0155921536810264,0.1248685456030718,1543487655369.8677,0.6720371092134803,0.0098945561322314
211,AverageEnsemble(2),4,equal_opportunity,0.1105587184645373,0.0264826443882677,0.162734889892327,3133885086406.288,0.7394005678625425,0.0152205871219651
212,AverageEnsemble(2),4,group_fairness,0.0708646098086288,0.0127365765542898,0.1128564422365416,0.2179549614864013,0.188020219624041,0.0038909525688906
213,EnsembleTree(2),4,disparate_parity,0.0992788328742823,0.0176153836911667,0.1327229584177763,1819157747685.763,0.7125440493832199,0.0112532437016769
214,EnsembleTree(2),4,equal_opportunity,0.1218943974700125,0.0309069723161892,0.1758037892543537,3276231641903.361,0.7919067045481368,0.0179226430211256
215,EnsembleTree(2),4,group_fairness,0.0801550418651483,0.0145284913915801,0.1205341917946112,0.3973520821772041,0.2730415622175636,0.0046730705732634
216,AverageEnsemble(3),4,disparate_parity,0.0916760999438556,0.0155973224797487,0.1248892408486365,1520581794382.3044,0.6716890199790465,0.0098922203198081
217,AverageEnsemble(3),4,equal_opportunity,0.1104685238267772,0.0264996050144066,0.1627869927678703,3101145771197.638,0.7381327192120295,0.015241729700315
218,AverageEnsemble(3),4,group_fairness,0.0707929666747703,0.0127996228988653,0.1131354184102633,0.2107717408276801,0.1847527217686824,0.0038908849744018
219,EnsembleTree(3),4,disparate_parity,0.0998297938847186,0.0179756962948182,0.1340734734942682,2087782424572.532,0.7149760674712607,0.0114945794306771
220,EnsembleTree(3),4,equal_opportunity,0.1213946736771524,0.0310823613717802,0.1763019040503539,3361588457706.835,0.7902253908967891,0.0179848121725294
221,EnsembleTree(3),4,group_fairness,0.0804388036937196,0.0147049227337807,0.1212638558424593,0.3912420252143067,0.2716969262058077,0.0046711005899699
222,AverageEnsemble(4),4,disparate_parity,0.0916793273097947,0.0155853182650068,0.1248411721548896,1513591059971.6226,0.6720374168008966,0.0098893901477872
223,AverageEnsemble(4),4,equal_opportunity,0.1106720518590921,0.0265332621221958,0.1628903377189568,3152752555107.62,0.7400063938726278,0.0152494604201848
224,AverageEnsemble(4),4,group_fairness,0.0708365591920787,0.0127507873273636,0.1129193841967077,0.2174873884972393,0.1877942307971195,0.0038878220902838
225,EnsembleTree(4),4,disparate_parity,0.0998552018497913,0.0180644374022173,0.1344040081330068,1855918245099.763,0.7139457226409937,0.011550940267132
226,EnsembleTree(4),4,equal_opportunity,0.1209763228585185,0.0308376941383241,0.1756066460539696,3033284070233.775,0.788724484495845,0.0178318199685966
227,EnsembleTree(4),4,group_fairness,0.0792303229505334,0.0140827479988665,0.1186707546064595,0.3920601783674319,0.2715408946528424,0.0045388711732953
228,AverageEnsemble(5),4,disparate_parity,0.0908124902455641,0.0156333761372315,0.1250335000599099,1315839035111.4512,0.6668176202962777,0.0098852916236512
229,AverageEnsemble(5),4,equal_opportunity,0.1090273379352946,0.0262282883294782,0.1619514999296957,2600485659049.326,0.7297567316688031,0.0150850544299334
230,AverageEnsemble(5),4,group_fairness,0.0622199627393982,0.0102877012625117,0.1014283060220947,0.18670229477663,0.1654605723601225,0.0030382810165968
231,EnsembleTree(5),4,disparate_parity,0.1022521609581728,0.0185063014986567,0.1360378678848531,2013772170559.3564,0.7200755162353073,0.0118337326080449
232,EnsembleTree(5),4,equal_opportunity,0.1185677967750183,0.0308388301560799,0.1756098805764641,3406632368484.4004,0.7697137026203491,0.0176261955946771
233,EnsembleTree(5),4,group_fairness,0.0608006394443341,0.0088827427338002,0.0942483036123208,0.3746777671280106,0.2409715642304428,0.0027570293638343
234,AverageEnsemble(6),4,disparate_parity,0.0911129653367447,0.0158690728326344,0.1259725082414193,1171949510288.4326,0.6664881840550044,0.0100186889068643
235,AverageEnsemble(6),4,equal_opportunity,0.1079732063498366,0.0261201642368727,0.161617338911618,2303747761519.198,0.7234404006914192,0.0150261502732459
236,AverageEnsemble(6),4,group_fairness,0.0569066411181245,0.0089780598310269,0.0947526244017912,0.167478468457664,0.1513903800345669,0.0025844863376844
237,EnsembleTree(6),4,disparate_parity,0.1024018343928325,0.0184954763645679,0.1359980748561093,2013772170559.3564,0.7236888424404365,0.0118297340093891
238,EnsembleTree(6),4,equal_opportunity,0.1188009539163771,0.0308937889255958,0.1757662906407137,3406632368484.407,0.7704690114209856,0.0176967668787082
239,EnsembleTree(6),4,group_fairness,0.0614451155855481,0.0094588152306608,0.097256440561337,0.3752585079256473,0.2412507759174604,0.0028437654307047
240,LightGBM(DEG),5,disparate_parity,0.0914996601178494,0.0158649857653048,0.1259562851361727,915827665658.8856,0.6741523239957073,0.0098711262055271
241,LightGBM(DEG),5,equal_opportunity,0.1078329654756262,0.0245360990825485,0.1566400302686021,1643990008409.319,0.7441920237944233,0.0143190964735195
242,LightGBM(DEG),5,group_fairness,0.0749978541998557,0.0150896641683556,0.1228399941727272,0.2352877867736091,0.1966916086630409,0.0044587571669237
243,LightGBM(DGE),5,disparate_parity,0.0914996601721715,0.0158649857988877,0.1259562852694843,915827665873.5632,0.6741523240650067,0.0098711262237557
244,LightGBM(DGE),5,equal_opportunity,0.1074573590455376,0.0244489303520859,0.1563615373168413,1616481330105.1284,0.7426022707435892,0.0142479158685149
245,LightGBM(DGE),5,group_fairness,0.0752060506403951,0.0150378213010186,0.1226287947466607,0.2355392428221246,0.197273568400591,0.0044595839373657
246,LightGBM(EDG),5,disparate_parity,0.0908792570415078,0.0161136133790785,0.1269394082981269,931488240193.6698,0.6669311184983282,0.0099947442974278
247,LightGBM(EDG),5,equal_opportunity,0.1041458444363573,0.0239273576779087,0.1546847040851446,1315224454956.0552,0.72303472303096,0.014006190700162
248,LightGBM(EDG),5,group_fairness,0.0616139202777024,0.0097724989475257,0.0988559504912363,0.1945285826431527,0.1698643583927352,0.0030524424257867
249,LightGBM(EGD),5,disparate_parity,0.0909109014052293,0.0161293400712331,0.1270013388560653,931772616175.173,0.6667389384831086,0.0099874421996954
250,LightGBM(EGD),5,equal_opportunity,0.1041458442502983,0.0239273576110079,0.1546847038688956,1315224459713.7263,0.723034722047978,0.0140061906582588
251,LightGBM(EGD),5,group_fairness,0.0611342227557106,0.0096009911477674,0.0979846475105538,0.1959756670498731,0.1708489697623529,0.002990824725167
252,LightGBM(GDE),5,disparate_parity,0.0995681679731377,0.0201590695808401,0.141982638307788,779536828634.2765,0.7006221848945182,0.0125749476029507
253,LightGBM(GDE),5,equal_opportunity,0.1094812902118075,0.0285276497955806,0.1689013019357181,252927418636.9383,0.7385292261768824,0.0167446181008799
254,LightGBM(GDE),5,group_fairness,0.037346393727592,0.0058681315693075,0.0766037307793005,0.1095435969686064,0.10254245243434,0.001581037829673
255,LightGBM(GED),5,disparate_parity,0.1008424174627741,0.0206012180482129,0.1435312441533652,836796603005.7202,0.722958591218203,0.0127951436171946
256,LightGBM(GED),5,equal_opportunity,0.1098117936668169,0.0297291333926404,0.1724213832233126,364526025886.02814,0.738254394001456,0.0174356930720479
257,LightGBM(GED),5,group_fairness,0.0373463935877468,0.0058681314387271,0.0766037299269894,0.1095435977045575,0.1025424524480465,0.0015810378014566
258,AverageEnsemble(2),5,disparate_parity,0.0907352801978055,0.0160519905858306,0.1266964505652415,931630428184.42,0.6662097081691627,0.0099464629766173
259,AverageEnsemble(2),5,equal_opportunity,0.1041458443433278,0.0239273576444583,0.1546847039770201,1315224457334.8904,0.7230347225394691,0.0140061906792104
260,AverageEnsemble(2),5,group_fairness,0.0611304011129692,0.009619004127343,0.0980765217946834,0.1944532221947133,0.169636436931833,0.0029979485965611
261,EnsembleTree(2),5,disparate_parity,0.1028948697219343,0.0188389583438639,0.1372550849472029,940369407991.0526,0.7312354664875687,0.0119210193602098
262,EnsembleTree(2),5,equal_opportunity,0.1147217177910565,0.0290249543830062,0.1703671164955439,1190116392308.3474,0.7540942748850069,0.0169809651958189
263,EnsembleTree(2),5,group_fairness,0.0749640238571643,0.0112800451170833,0.1062075567795596,0.4032469933990171,0.2691899917656017,0.0040734431062799
264,AverageEnsemble(3),5,disparate_parity,0.0907588537628887,0.0158872559409978,0.1260446585183119,926362840675.9072,0.6687965069946779,0.0098555480737245
265,AverageEnsemble(3),5,equal_opportunity,0.1050883532639162,0.023836715764041,0.1543914368222572,1424812974359.6985,0.7298006769744328,0.0139304700895857
266,AverageEnsemble(3),5,group_fairness,0.0649764803797184,0.0109632976480205,0.1047057670236962,0.2055451086845147,0.176566799928176,0.0033597856890154
267,EnsembleTree(3),5,disparate_parity,0.1027649932758893,0.0187655591923454,0.1369874417322459,995806583381.8812,0.7275319147661135,0.0118808945854106
268,EnsembleTree(3),5,equal_opportunity,0.1159291822863812,0.029572232522091,0.1719657888130398,1236487299798.7007,0.7592105996742091,0.0173369877126426
269,EnsembleTree(3),5,group_fairness,0.0732180907386894,0.0110512505068426,0.1051249280943518,0.3648280968230044,0.2579515974843073,0.0039030599898055
270,AverageEnsemble(4),5,disparate_parity,0.0909871508730716,0.0161679197409854,0.1271531350025842,889656337665.4774,0.6677953892451847,0.0100208713696767
271,AverageEnsemble(4),5,equal_opportunity,0.1033291881562074,0.0238119427907102,0.154311188157924,1032110100604.2188,0.7168553475088344,0.0138957354163498
272,AverageEnsemble(4),5,group_fairness,0.0553399633983065,0.0085040646205739,0.0922174854383588,0.1737443795922837,0.1524361844037214,0.0025053228297976
273,EnsembleTree(4),5,disparate_parity,0.1022907403182383,0.0189038644693633,0.1374913250694868,559266161676.3568,,0.011937696631483
274,EnsembleTree(4),5,equal_opportunity,0.1111394603961188,0.0274887869388895,0.1657974274193949,634197729427.8362,,0.0161624639737149
275,EnsembleTree(4),5,group_fairness,0.0591320816496768,0.0079102806419476,0.0889397584994902,0.334195516771857,0.2313355477676645,0.0026520277449166
276,AverageEnsemble(5),5,disparate_parity,0.0908076908507814,0.0160044312112799,0.1265086210946905,894890603307.0933,0.6684684558512651,0.0099247635615268
277,AverageEnsemble(5),5,equal_opportunity,0.1038579536137517,0.0237073095356514,0.1539717816213458,1148984346504.3987,0.7216058343883983,0.0138204331119458
278,AverageEnsemble(5),5,group_fairness,0.0588306777184235,0.0094520016248063,0.0972214051781107,0.184991985752966,0.1605932286050634,0.0027960681157365
279,EnsembleTree(5),5,disparate_parity,0.1021473706747157,0.0188863669123761,0.1374276788437326,559266161676.3394,,0.0119221985995287
280,EnsembleTree(5),5,equal_opportunity,0.1113600262860698,0.0277555734189615,0.1666000402729888,634197729427.8425,,0.0162643503613428
281,EnsembleTree(5),5,group_fairness,0.0596663907110193,0.0082985275306548,0.0910962542075954,0.3345133675141828,0.2316741935488656,0.0027052851330373
282,AverageEnsemble(6),5,disparate_parity,0.0910741691899549,0.0162600732794111,0.1275149923711371,885208269923.5017,0.666587291372535,0.0100685766686159
283,AverageEnsemble(6),5,equal_opportunity,0.1029765472545397,0.0238422172894689,0.154409252603168,993800045901.974,0.7143228058081872,0.013913272988927
284,AverageEnsemble(6),5,group_fairness,0.0536604874633631,0.0082104932161654,0.0906117719513611,0.1679943993156041,0.1477038344621408,0.0023771731292067
285,EnsembleTree(6),5,disparate_parity,0.1019385971635736,0.0187730136500414,0.1370146475747809,559266161676.3386,,0.0118807658925741
286,EnsembleTree(6),5,equal_opportunity,0.1118237754710698,0.0281461085443951,0.1677680200288336,634197729427.8445,,0.0164644540302635
287,EnsembleTree(6),5,group_fairness,0.0596757933953086,0.0083178460680942,0.0912022262233452,0.3351434077792084,0.2319566602202081,0.0027094868332807
288,LightGBM(DEG),6,disparate_parity,0.095761267151879,0.0174194865901625,0.1319829026433444,1263087496446.6694,0.6921466171630573,0.0105501978396731
289,LightGBM(DEG),6,equal_opportunity,0.1125432783342615,0.0269762308213553,0.1642444240190679,2196274417932.602,0.7491432929716714,0.0154807949067855
290,LightGBM(DEG),6,group_fairness,0.0756996360820695,0.0148518110209776,0.1218680065520794,0.9466394052676786,0.2047637841221727,0.004518736976772
291,LightGBM(DGE),6,disparate_parity,0.0957612671748807,0.0174194866123969,0.1319829027275764,1263087500542.969,0.6921466171755054,0.0105501978481239
292,LightGBM(DGE),6,equal_opportunity,0.1127871983460968,0.0271724459077122,0.1648406682457707,2195440208385.1875,0.750765432016555,0.015599645855392
293,LightGBM(DGE),6,group_fairness,0.0758686065659451,0.0149508970123415,0.1222738607076,0.9348943676574742,0.2053883420113378,0.0045439396778396
294,LightGBM(EDG),6,disparate_parity,0.0953338522493977,0.0173925409426869,0.1318807830682201,1332271217197.944,0.6894277713310221,0.0105331581004223
295,LightGBM(EDG),6,equal_opportunity,0.1112070959950807,0.0265913595014781,0.1630685730037463,2125135158036.942,0.7442668083305203,0.0152753112702756
296,LightGBM(EDG),6,group_fairness,0.0706404655665843,0.0120543744380107,0.1097924152116655,0.957754912189762,0.204845034545806,0.0038673330953367
297,LightGBM(EGD),6,disparate_parity,0.0952940049525734,0.0174000102139109,0.1319090982984532,1370805277004.0928,0.6893909195224459,0.0105519198274378
298,LightGBM(EGD),6,equal_opportunity,0.1112070960293825,0.0265913595554782,0.163068573169321,2125135160655.64,0.7442668082831577,0.0152753113048385
299,LightGBM(EGD),6,group_fairness,0.069836059459885,0.011729640488085,0.1083034648018477,0.9469538866824222,0.2028114542401028,0.0038070096035806
300,LightGBM(GDE),6,disparate_parity,0.1022123909503118,0.0208061438746623,0.1442433494989019,484927421271.4142,0.7222618102059196,0.0127343874400853
301,LightGBM(GDE),6,equal_opportunity,0.1128277664144243,0.0295782185520153,0.171983192643977,725432185961.5515,0.7605274879219899,0.0170516365160598
302,LightGBM(GDE),6,group_fairness,0.0366168506242015,0.005078512358519,0.0712636819040319,0.4796528459148376,0.1198019182397271,0.0013938378732423
303,LightGBM(GED),6,disparate_parity,0.1022859059405025,0.0200848581122816,0.1417210574060245,888986357501.1923,0.735306225245437,0.0122721168048058
304,LightGBM(GED),6,equal_opportunity,0.1111246420434148,0.0293766787266768,0.1713962622891084,787460607858.7972,0.7360282566799863,0.0171742109847476
305,LightGBM(GED),6,group_fairness,0.0366168504381938,0.0050785122350447,0.0712636810377121,0.47965293406659,0.1198019175194524,0.0013938378555733
306,AverageEnsemble(2),6,disparate_parity,0.0952633910987317,0.0173604751453877,0.1317591558313416,1351538247101.018,0.689271840153517,0.0105195029652174
307,AverageEnsemble(2),6,equal_opportunity,0.1112070960122316,0.0265913595284781,0.1630685730865336,2125135159346.2908,0.744266808306839,0.0152753112875571
308,AverageEnsemble(2),6,group_fairness,0.0701401746175004,0.0118320826364088,0.1087753769766342,0.9521794848264832,0.2036710938992162,0.0038184405139598
309,EnsembleTree(2),6,disparate_parity,0.1048305637307892,0.0208228021273296,0.1443010815182259,2022272489713.652,0.7384558202090243,0.0127102860942144
310,EnsembleTree(2),6,equal_opportunity,0.121635657918093,0.0319028008739668,0.1786135517646038,2278704773144.425,0.7894681948791396,0.0183164719748004
311,EnsembleTree(2),6,group_fairness,0.078622916412638,0.0132739830817179,0.1152127730840548,0.8550156826521249,0.2709848158087948,0.0046435136046578
312,AverageEnsemble(3),6,disparate_parity,0.0953397123576073,0.017327364804496,0.1316334486538131,1322054663549.568,0.690069955022791,0.010496677657026
313,AverageEnsemble(3),6,equal_opportunity,0.1115453533252157,0.0266071791950962,0.1631170720528547,2148848245541.727,0.7458215607997554,0.0152741604862063
314,AverageEnsemble(3),6,group_fairness,0.0717931266484039,0.0126304631434474,0.1123853333111017,0.9494553009281382,0.203356459693609,0.0039921456693274
315,EnsembleTree(3),6,disparate_parity,0.1056346013993926,0.0211467279242332,0.1454191456591367,1834160755739.898,0.7412781701200117,0.0129012823012513
316,EnsembleTree(3),6,equal_opportunity,0.1226802086860066,0.0323537288562457,0.1798714231228677,2194176027339.9287,0.7881612361558712,0.0185246669455148
317,EnsembleTree(3),6,group_fairness,0.0790815426881608,0.0136287186627941,0.116742103213854,0.8519012792588793,0.2681396746672672,0.0046873042880369
318,AverageEnsemble(4),6,disparate_parity,0.0954219147357373,0.0173306024478675,0.1316457460302745,1307312872797.9182,0.6905663191372935,0.0104976362983326
319,AverageEnsemble(4),6,equal_opportunity,0.1118147192891504,0.0267001989109173,0.1634019550400709,2160496236252.592,0.7470673639110803,0.0153255225087322
320,AverageEnsemble(4),6,group_fairness,0.0726789729379495,0.0131224222384971,0.1145531415479173,0.9455055143114386,0.2036392550376011,0.0041042704859734
321,EnsembleTree(4),6,disparate_parity,0.1053019492207043,0.0210024449862383,0.1449222032203429,1779352743583.0037,0.7412411882048241,0.0128169651909701
322,EnsembleTree(4),6,equal_opportunity,0.1218130437736898,0.0319916409974392,0.1788620725515591,2133603478534.1365,0.7859167430592429,0.0183581187149435
323,EnsembleTree(4),6,group_fairness,0.0781257527440093,0.0131602440967049,0.1147181071004267,0.8484608636871301,0.2667647003064549,0.0045517093373526
324,AverageEnsemble(5),6,disparate_parity,0.094859920624605,0.0172356822442792,0.1312847372860961,1186478685749.089,0.6854356075621015,0.0104303470529991
325,AverageEnsemble(5),6,equal_opportunity,0.1094802241475685,0.0259732932023929,0.1611623194248363,1864270481480.019,0.7329727230505,0.0149136107161945
326,AverageEnsemble(5),6,group_fairness,0.0628284471680209,0.0099453883211558,0.0997265677798841,0.8416125591825073,0.1790444091676101,0.0030641845236656
327,EnsembleTree(5),6,disparate_parity,0.1082633885840376,0.0218493010390485,0.1478150907013508,2251195407368.9146,0.7527577746717337,0.0134047798816349
328,EnsembleTree(5),6,equal_opportunity,0.1215647942553691,0.0335783855320882,0.1832440600185672,4260134649206.3394,0.77865115013434,0.0191225684107494
329,EnsembleTree(5),6,group_fairness,0.0538753888885444,0.0069672917496383,0.0834703045977332,0.8149512446049281,0.2145222306663025,0.0022256578861104
330,AverageEnsemble(6),6,disparate_parity,0.0946926355409814,0.0173298642970086,0.1316429424504352,1069553475002.7932,0.6819674658914566,0.010492224825277
331,AverageEnsemble(6),6,equal_opportunity,0.1081891138812792,0.0257031016929294,0.1603218690414049,1642283902483.1873,0.7245732371396119,0.0147650648349248
332,AverageEnsemble(6),6,group_fairness,0.0566896656182305,0.0082629912481776,0.0909009969592063,0.7738816184592143,0.1636393671986764,0.0025115855291071
333,EnsembleTree(6),6,disparate_parity,0.1077764005949259,0.0211717294371477,0.145505083887635,2251195407368.8955,0.7527772686282124,0.0130144139588666
334,EnsembleTree(6),6,equal_opportunity,0.1224061368907964,0.0339985605334267,0.1843869858027586,4260134649206.296,0.7820182167150861,0.0193466614607069
335,EnsembleTree(6),6,group_fairness,0.0559403988797571,0.007190779941034,0.0847984666195919,0.8739828221256063,0.2348062940578085,0.002407160236159
336,LightGBM(DEG),7,disparate_parity,0.0941812713740258,0.0164358446623697,0.128202358255883,1386840126016.097,0.6822412600621758,0.0101794218106193
337,LightGBM(DEG),7,equal_opportunity,0.1135309653322515,0.0269987347334621,0.1643129171229766,2500361728867.246,0.7515200747992428,0.0154166922113116
338,LightGBM(DEG),7,group_fairness,0.0892707368361605,0.0180226707505715,0.1342485409625426,0.5604711764104119,0.3054015125685167,0.0056117690787984
339,LightGBM(DGE),7,disparate_parity,0.0941818024494016,0.0164358533440033,0.128202392114981,1386840127911.9934,0.6822431639178672,0.0101794271356128
340,LightGBM(DGE),7,equal_opportunity,0.1135118921890667,0.0269476602292887,0.164157425142114,2518825727026.326,0.7510813571763654,0.015396124568777
341,LightGBM(DGE),7,group_fairness,0.0892893088293482,0.0180572258672352,0.1343771776278816,0.561426910016766,0.3053767471203627,0.0056223030685472
342,LightGBM(EDG),7,disparate_parity,0.0918966843217045,0.0160858919133605,0.1268301695708105,1248310354229.7544,0.6687412217141404,0.0099471671425083
343,LightGBM(EDG),7,equal_opportunity,0.1107949407268178,0.0258687688752059,0.1608377097424791,2277294602897.38,0.7364701281712828,0.0149477769252715
344,LightGBM(EDG),7,group_fairness,0.0702816230983486,0.011709587048647,0.1082108453374571,0.3142568990299745,0.212917594932141,0.0038196632847591
345,LightGBM(EGD),7,disparate_parity,0.0918440624308085,0.0160274970675431,0.1265997514513481,1312343301568.839,0.6694859067291816,0.0099186546763014
346,LightGBM(EGD),7,equal_opportunity,0.1107949407619987,0.0258687689000321,0.160837709819657,2277294598909.404,0.7364701279950593,0.0149477769418454
347,LightGBM(EGD),7,group_fairness,0.0705399303237053,0.0118037615234278,0.1086451173473888,0.3134600538046497,0.2121946208194545,0.0038415528201332
348,LightGBM(GDE),7,disparate_parity,0.0982803631199152,0.019540361203158,0.1397868420244123,374771102474.181,0.6945180551556835,0.012082648685538
349,LightGBM(GDE),7,equal_opportunity,0.1112633078214612,0.0292413342960817,0.1710009774711295,1355286156111.2625,0.7293326806556497,0.0170371605251729
350,LightGBM(GDE),7,group_fairness,0.0383487285498847,0.005385757277702,0.073387718847925,0.1381902878539782,0.1209435244092906,0.0014646862005366
351,LightGBM(GED),7,disparate_parity,0.098415711600169,0.0192945745978751,0.1389049120725222,738349562319.839,0.7007116082063625,0.0119638933018838
352,LightGBM(GED),7,equal_opportunity,0.1113491342868762,0.02924004129244,0.1709971967385432,687264141370.8555,0.719754708071184,0.0170127623903963
353,LightGBM(GED),7,group_fairness,0.0383404145953029,0.005385393207137,0.0733852383462576,0.138169146304052,0.1209235239448334,0.0014645030833071
354,AverageEnsemble(2),7,disparate_parity,0.0917414141292673,0.0160189197114305,0.1265658710373003,1280326827899.2957,0.668599036886262,0.0099089667743819
355,AverageEnsemble(2),7,equal_opportunity,0.1107949407444083,0.025868768887619,0.160837709781068,2277294600903.392,0.7364701280831711,0.0149477769335584
356,AverageEnsemble(2),7,group_fairness,0.0702347912334648,0.0116944003579804,0.108140650811711,0.3135911570102924,0.2123273859314877,0.0038113989278256
357,EnsembleTree(2),7,disparate_parity,0.1010218964583777,0.018909260617913,0.1375109472657107,1784552172483.9668,0.7166839093997983,0.011725323878203
358,EnsembleTree(2),7,equal_opportunity,0.116395559496104,0.0297816128433004,0.1725734998292045,2300649528948.575,0.7585210643655489,0.0171231968746753
359,EnsembleTree(2),7,group_fairness,0.0786115536843277,0.0132950019793068,0.1153039547427011,0.5134499578152703,0.2781931350217984,0.0045800568209408
360,AverageEnsemble(3),7,disparate_parity,0.0922539842146194,0.0160400986414409,0.126649511019352,1315831261236.8604,0.672531081445283,0.0099308758774493
361,AverageEnsemble(3),7,equal_opportunity,0.1114727651245393,0.0259698105101743,0.1611515141417367,2357804976277.702,0.7411229174124414,0.0149493433842822
362,AverageEnsemble(3),7,group_fairness,0.0753494179294676,0.0132287084945974,0.1150161227593657,0.3911019680762938,0.2437064113907427,0.0042251159632673
363,EnsembleTree(3),7,disparate_parity,0.1010357341803263,0.018648823551673,0.1365606954861942,1927069523860.694,0.7198269275229179,0.0115966007507873
364,EnsembleTree(3),7,equal_opportunity,0.1176769834358675,0.0301770652274135,0.1737154720438383,2427617837115.125,0.7577529144198802,0.0173705080939916
365,EnsembleTree(3),7,group_fairness,0.0785531229775653,0.013582571315394,0.1165442890724124,0.5089300975347364,0.2714017818280887,0.0045591125771118
366,AverageEnsemble(4),7,disparate_parity,0.091706705297904,0.0160300570040133,0.1266098614011301,1074013640856.8718,0.6681555836603457,0.0099044812721325
367,AverageEnsemble(4),7,equal_opportunity,0.108382721498698,0.0252247643343545,0.1588230598318598,2107175271236.0464,0.7241744298896812,0.0145288288826537
368,AverageEnsemble(4),7,group_fairness,0.0626080338056131,0.0095433941588445,0.0976902971581341,0.3162083884651688,0.2072816271916234,0.0029762779165252
369,EnsembleTree(4),7,disparate_parity,0.1047555586034433,0.0204746601548986,0.1430896926927255,1584884902873.7305,0.7275482865740112,0.0126965776837126
370,EnsembleTree(4),7,equal_opportunity,0.1211772460420296,0.0325990343468397,0.1805520267037724,2163741550291.232,0.7664007684742364,0.01872648947867
371,EnsembleTree(4),7,group_fairness,0.0573601215102918,0.0075052570956284,0.0866328869173158,0.487638449542518,0.2421605259357258,0.0025589241223015
372,AverageEnsemble(5),7,disparate_parity,0.0919207178740158,0.015998475957869,0.1264850819577908,1136578937888.7156,0.670477642853858,0.0098912645690455
373,AverageEnsemble(5),7,equal_opportunity,0.1092028625401048,0.0253213608917591,0.1591268704265849,2185812562762.285,0.729559710947517,0.0145532090037195
374,AverageEnsemble(5),7,group_fairness,0.0672902040906087,0.0108039504088088,0.103942053129659,0.363383568055114,0.2279710266732993,0.0033680826080676
375,EnsembleTree(5),7,disparate_parity,0.1047204913913678,0.0204582468578919,0.1430323280167527,1586867711464.5088,0.7276578958468605,0.0126832359580194
376,EnsembleTree(5),7,equal_opportunity,0.1214404483431324,0.0329630247027653,0.1815572215659994,2167079144260.769,0.7657796150869475,0.0188899148502464
377,EnsembleTree(5),7,group_fairness,0.0573075602948188,0.0075058179769505,0.0866361239723393,0.4875257201417648,0.2420478143946314,0.002558130978252
378,AverageEnsemble(6),7,disparate_parity,0.0916784812769437,0.0160419346457107,0.1266567591789351,1070207375293.8806,0.6682613138649233,0.0099161011564117
379,AverageEnsemble(6),7,equal_opportunity,0.1078184411028702,0.0250840421509594,0.1583794246452468,1936054492530.357,0.7199954851306816,0.0144259277403332
380,AverageEnsemble(6),7,group_fairness,0.0604213437919752,0.0089898366980688,0.0948147493698574,0.3186178428211555,0.2068113297866523,0.002760421256694
381,EnsembleTree(6),7,disparate_parity,0.1042241567418923,0.020478909560491,0.143104540670417,1594900126344.7495,0.7236700512427643,0.0126829490496397
382,EnsembleTree(6),7,equal_opportunity,0.1219985039197815,0.0334225645591721,0.1828183922891024,2196077648693.897,0.7668812636142691,0.0191291696293253
383,EnsembleTree(6),7,group_fairness,0.0572048514749968,0.0074874842247614,0.0865302503449599,0.4871638275835225,0.241760001690575,0.0025485422552964
384,LightGBM(DEG),8,disparate_parity,0.0915723949739869,0.0158955834412093,0.1260776881181177,1598642532435.963,0.6728007423368819,0.0099772725888474
385,LightGBM(DEG),8,equal_opportunity,0.1079728998541345,0.0238794850669873,0.1545298840580273,2786554638556.285,0.7499082206346837,0.0142273390098982
386,LightGBM(DEG),8,group_fairness,0.076396919141757,0.015486709332887,0.1244456079292759,0.2190929504004206,0.1890738111337955,0.0045851080027086
387,LightGBM(DGE),8,disparate_parity,0.0915723949370674,0.01589558343729,0.1260776881025743,1598642534508.5095,0.6728007423848679,0.009977272587128
388,LightGBM(DGE),8,equal_opportunity,0.107400354852843,0.0235861857241766,0.1535779467377288,2621861748753.136,0.7487083468243456,0.0140340476855738
389,LightGBM(DGE),8,group_fairness,0.0763097654786151,0.0153960889971634,0.1240809775798186,0.2212159898971724,0.1896293501977179,0.0045631847518529
390,LightGBM(EDG),8,disparate_parity,0.091318223420118,0.0160840378323341,0.1268228600542273,1614460137387.0366,0.6659967571259993,0.0100511375372913
391,LightGBM(EDG),8,equal_opportunity,0.1040190739457138,0.0230208200531109,0.1517261350364891,2243980710945.731,0.7284364869082426,0.0136905213606219
392,LightGBM(EDG),8,group_fairness,0.06229533116345,0.0102420082726159,0.1012028076320806,0.1873448424991042,0.1665216449914728,0.0031583265003862
393,LightGBM(EGD),8,disparate_parity,0.0916667863605845,0.0161281105886936,0.1269964983324095,1535825113006.532,0.6668392779273083,0.0100921119210806
394,LightGBM(EGD),8,equal_opportunity,0.1040190738838308,0.0230237386564966,0.1517357527298581,2243980748072.3384,0.7284111151920353,0.0136926828303687
395,LightGBM(EGD),8,group_fairness,0.0626247866755554,0.0102512263461352,0.1012483399673061,0.1862102730098055,0.1663819557983699,0.0031506127664172
396,LightGBM(GDE),8,disparate_parity,0.0967175645106457,0.0188698063062703,0.1373674135531072,604027045266.6433,0.6861624221805235,0.0118625123200388
397,LightGBM(GDE),8,equal_opportunity,0.1088326739054502,0.0274687245087475,0.1657369135369291,707086645211.046,0.759932579302095,0.016202555540765
398,LightGBM(GDE),8,group_fairness,0.0383558702219035,0.0057825048296703,0.0760427828900967,0.1083332023416738,0.1070329963629226,0.0015031125622372
399,LightGBM(GED),8,disparate_parity,0.0988775388025099,0.0192663853045942,0.138803405234145,1173715616269.0657,0.7048290613383619,0.0121157842509652
400,LightGBM(GED),8,equal_opportunity,0.1077482900235031,0.0271477134260097,0.1647656318107928,778498591742.5135,0.726312996391026,0.0160980242775255
401,LightGBM(GED),8,group_fairness,0.038355869596418,0.0057825048436703,0.0760427829821502,0.1083332018851742,0.107032996176455,0.0015031125684699
402,AverageEnsemble(2),8,disparate_parity,0.091397977710267,0.0158757528027381,0.1259990190546661,1567233823757.5193,0.669861812912812,0.009950418684491
403,AverageEnsemble(2),8,equal_opportunity,0.1052712391162428,0.0229518244355298,0.1514985954902877,2432921248412.735,0.7383988808095311,0.0136517368160357
404,AverageEnsemble(2),8,group_fairness,0.0685710713552031,0.0122846905718632,0.1108363233415076,0.2005982421217412,0.1752138846679633,0.0037113588158275
405,EnsembleTree(2),8,disparate_parity,0.100135024319545,0.0203906076595337,0.1427956850172083,1671066407304.9668,0.7048542838659453,0.0124222197558203
406,EnsembleTree(2),8,equal_opportunity,0.1150850956937139,0.0272475384771751,0.1650682842861556,2172906122971.224,0.7732487275579825,0.0163586254854161
407,EnsembleTree(2),8,group_fairness,0.0732241720608842,0.0117688552736589,0.1084843549718529,0.3284229407940476,0.2391347773263048,0.004021743745348
408,AverageEnsemble(3),8,disparate_parity,0.091279000191265,0.0158902124530366,0.1260563860065669,1582975928300.691,0.6685567395314842,0.0099488623055582
409,AverageEnsemble(3),8,equal_opportunity,0.1047225942561381,0.0228963804890982,0.1513154998309765,2369941069257.066,0.7349553354132897,0.0136186898153281
410,AverageEnsemble(3),8,group_fairness,0.0661922973352994,0.0114502120364532,0.107005663571856,0.1949635582282696,0.1711866556493343,0.0034840527677933
411,EnsembleTree(3),8,disparate_parity,0.1003415598258964,0.0203380158771721,0.1426114156621837,1916135728830.2373,0.7094416449660516,0.0123880303815106
412,EnsembleTree(3),8,equal_opportunity,0.1153745980917788,0.0274722314799733,0.1657474931333001,2310646446235.634,0.7741448118879948,0.0164748567609854
413,EnsembleTree(3),8,group_fairness,0.0718881271175302,0.0114339516233989,0.1069296573612714,0.3250122639821079,0.235698900396989,0.0038906677733198
414,AverageEnsemble(4),8,disparate_parity,0.0913115469169814,0.0160706003381003,0.1267698715708916,1422574657447.686,0.6657240084721172,0.0100635760778468
415,AverageEnsemble(4),8,equal_opportunity,0.1031046211095971,0.0228581107615085,0.1511889902126094,1972080449878.3948,0.7212817443469287,0.0135806372062395
416,AverageEnsemble(4),8,group_fairness,0.0566054575386093,0.0088745114395101,0.0942046253615507,0.1650718702806033,0.148397412568689,0.0026043696054381
417,EnsembleTree(4),8,disparate_parity,0.1016199695148561,0.0209536924056503,0.144753902902997,1881638456075.6,0.7103234746526855,0.0126647753387234
418,EnsembleTree(4),8,equal_opportunity,0.1174153062479204,0.028762553188128,0.1695952628705413,2409639676794.227,0.7772632534147599,0.0171780578253529
419,EnsembleTree(4),8,group_fairness,0.0558189800583062,0.0075320615320339,0.0867874503141669,0.2788367079331431,0.1994397543279444,0.0023277899222338
420,AverageEnsemble(5),8,disparate_parity,0.0911848226756921,0.0159371615981153,0.1262424714512326,1457788232445.3406,0.6671001756137062,0.0099840528634125
421,AverageEnsemble(5),8,equal_opportunity,0.1036253854435286,0.0227979915129344,0.1509900377936719,2134975287613.9705,0.726710419944164,0.0135480519397452
422,AverageEnsemble(5),8,group_fairness,0.0601745752892653,0.0098356358597439,0.0991747743115351,0.1746689056381877,0.1555415568861281,0.0028999464664159
423,EnsembleTree(5),8,disparate_parity,0.101690295640144,0.020976552365091,0.1448328428399135,1881638456075.5984,0.7104446055976485,0.0126756492056842
424,EnsembleTree(5),8,equal_opportunity,0.117329177671178,0.0286975351334933,0.1694034684812956,2409639676794.2266,0.7771930246162133,0.0171447748350396
425,EnsembleTree(5),8,group_fairness,0.0558159314977898,0.0075336468649138,0.0867965832559893,0.2788327473537508,0.1994380388454167,0.0023281822613311
426,AverageEnsemble(6),8,disparate_parity,0.0909190595636591,0.0159680368079306,0.1263646976332022,1306166355286.048,0.6639226532622552,0.0100010516921726
427,AverageEnsemble(6),8,equal_opportunity,0.1027041581053974,0.022763924793589,0.1508771844699821,1885638397684.548,0.7197165808746737,0.0135201832488193
428,AverageEnsemble(6),8,group_fairness,0.0549719574128537,0.0085280545704048,0.092347466507776,0.1590361468550278,0.1436634722638389,0.0024636486942643
429,EnsembleTree(6),8,disparate_parity,0.1012291124846557,0.0209082923353912,0.1445969997454694,1880566438226.8496,0.7080263021993128,0.01262878389872
430,EnsembleTree(6),8,equal_opportunity,0.1159034689610866,0.0283101480657272,0.1682561977037613,2397615923292.445,0.7734516739156629,0.016896190258463
431,EnsembleTree(6),8,group_fairness,0.0553289232030888,0.0073884095979285,0.0859558584270354,0.276870281844066,0.1992223206099608,0.002300938616643
432,LightGBM(DEG),9,disparate_parity,0.0924406573082675,0.0166839433401464,0.129166339810906,1211073614159.357,0.6825546291649239,0.0104351541925159
433,LightGBM(DEG),9,equal_opportunity,0.1089229780041975,0.0254072419612909,0.1593964929391199,1955292214898.345,0.7476738564760887,0.014722768214439
434,LightGBM(DEG),9,group_fairness,0.0681693825887876,0.0113276142189374,0.1064312652322495,0.2381038779210417,0.1905007600981312,0.0036196814587934
435,LightGBM(DGE),9,disparate_parity,0.0924406574000103,0.0166839433509067,0.129166339852559,1211073611688.3025,0.6825546296717733,0.0104351542018045
436,LightGBM(DGE),9,equal_opportunity,0.108282400510002,0.0251863781200056,0.1587021679751276,1933053365547.1985,0.7450799033440614,0.0145801749868116
437,LightGBM(DGE),9,group_fairness,0.0681600804111298,0.0113759865859391,0.1066582701244455,0.2424591012083676,0.1920257660389101,0.0036169159896338
438,LightGBM(EDG),9,disparate_parity,0.0927090056805346,0.0167748288378993,0.1295176777042399,1192567508360.9678,0.6793372144338671,0.0104558880060206
439,LightGBM(EDG),9,equal_opportunity,0.1064021359117837,0.0252127805964286,0.1587853286561092,1710510352443.068,0.7304243375786207,0.0145611047228771
440,LightGBM(EDG),9,group_fairness,0.0594251557548017,0.0088619258987017,0.0941378027080606,0.1872699674396289,0.1652888372034754,0.0028295473926641
441,LightGBM(EGD),9,disparate_parity,0.092491444733419,0.0168095413617224,0.1296516153455963,1130678572968.2234,0.6772614770968755,0.0104766755191228
442,LightGBM(EGD),9,equal_opportunity,0.1064021358461495,0.0252127805643412,0.1587853285550691,1710510319781.786,0.7304243368815487,0.0145611046966002
443,LightGBM(EGD),9,group_fairness,0.060186514792789,0.0089709563061218,0.0947151324030214,0.1900765715800758,0.1670474550338796,0.0028749419573211
444,LightGBM(GDE),9,disparate_parity,0.1019477770806091,0.0210309905893946,0.14502065573357,408475167134.8695,0.7168697289844774,0.0131641125519678
445,LightGBM(GDE),9,equal_opportunity,0.1123178773183514,0.030158356815915,0.1736616158392954,588073846064.8569,0.7627066066629595,0.0171945797893798
446,LightGBM(GDE),9,group_fairness,0.0371849423689575,0.0057511015602916,0.0758360175661386,0.103590386519735,0.0986054177711264,0.0015034927624189
447,LightGBM(GED),9,disparate_parity,0.103217422853292,0.0214140642377924,0.1463354510629343,841641328910.957,0.7282572103961278,0.013344822207084
448,LightGBM(GED),9,equal_opportunity,0.1111939783481211,0.0294895916434722,0.1717253378027607,447111076078.52673,0.7379071341558663,0.0172307758243899
449,LightGBM(GED),9,group_fairness,0.0371849425317649,0.0057511015943372,0.0758360177906066,0.1035903862297788,0.0986054199148435,0.001503492769447
450,AverageEnsemble(2),9,disparate_parity,0.0924210776375319,0.0167371391018544,0.1293720955301197,1161623040664.594,0.6776443415828831,0.010429923289132
451,AverageEnsemble(2),9,equal_opportunity,0.1064021358789666,0.0252127805803849,0.1587853286055891,1710510336112.427,0.7304243372300846,0.0145611047097386
452,AverageEnsemble(2),9,group_fairness,0.0595382158939457,0.0088545345153631,0.0940985362020214,0.1876255193439455,0.1652193618465503,0.0028311962201525
453,EnsembleTree(2),9,disparate_parity,0.1027287093963329,0.0195643174586421,0.139872504298172,1905049795597.3333,0.7402770451967986,0.0123125562037194
454,EnsembleTree(2),9,equal_opportunity,0.1123000683328369,0.0279298085289146,0.1671221365616016,2353159321655.115,0.7529668508360061,0.0162104689053423
455,EnsembleTree(2),9,group_fairness,0.0708051069663521,0.0113311413156188,0.1064478337760747,0.3224852970756419,0.2386387524909101,0.0037621478816807
456,AverageEnsemble(3),9,disparate_parity,0.0922679744651921,0.0166392969966361,0.128993399042882,1178106565162.847,0.6789665508968867,0.01037921480712
457,AverageEnsemble(3),9,equal_opportunity,0.1071189327380813,0.0251022982372138,0.1584370481838569,1792104295707.732,0.7367388826585275,0.0145038280948079
458,AverageEnsemble(3),9,group_fairness,0.0619794076241157,0.0095106004149415,0.0975223072683451,0.2021069532951753,0.1721250043550281,0.0030445256156333
459,EnsembleTree(3),9,disparate_parity,0.1028083306665972,0.0195069434837146,0.1396672598847512,1802670223559.2844,0.7420221858165443,0.0122936192756846
460,EnsembleTree(3),9,equal_opportunity,0.1136943783859866,0.0289060931413564,0.1700179200594937,2112996791818.404,0.7599473558362023,0.0166944882081506
461,EnsembleTree(3),9,group_fairness,0.0710841465678636,0.0116009713254535,0.1077078053135128,0.348754937877255,0.2430342314489291,0.003808278564119
462,AverageEnsemble(4),9,disparate_parity,0.0932069146462975,0.0170169842857246,0.1304491636068422,1055820976868.5914,0.6797121145446683,0.0106147438557878
463,AverageEnsemble(4),9,equal_opportunity,0.105473457723928,0.0250857988087602,0.1583849702742031,1446628458236.194,0.7209526620597012,0.0145026036627275
464,AverageEnsemble(4),9,group_fairness,0.0530928963804551,0.0074747961828354,0.0864569036158214,0.1680925554233008,0.1465589994444526,0.0022812766341325
465,EnsembleTree(4),9,disparate_parity,0.102871576898568,0.0193054450777701,0.1389440357761721,1582940839859.5225,0.7448413473925857,0.0121817419588127
466,EnsembleTree(4),9,equal_opportunity,0.1129893786766586,0.0279911048320494,0.1673054237974653,1848513007202.704,0.7650566095438864,0.0162531498662163
467,EnsembleTree(4),9,group_fairness,0.0616956051635296,0.0083203427656008,0.0912159128968232,0.3501995704755998,0.2352297872795981,0.002821417175014
468,AverageEnsemble(5),9,disparate_parity,0.0928962688772974,0.0168698680076723,0.1298840560179435,1086871503832.5322,0.6799544221266378,0.0105252862950385
469,AverageEnsemble(5),9,equal_opportunity,0.1057693192652245,0.0249180237656179,0.1578544385363236,1543913439698.3933,0.726071300282962,0.0143957764886373
470,AverageEnsemble(5),9,group_fairness,0.05569818422055,0.0080424384550487,0.089679643481945,0.1817694668814558,0.1550448533546508,0.0024839447505147
471,EnsembleTree(5),9,disparate_parity,0.1029336934790019,0.0193554951893015,0.1391240280803481,1582940839859.523,0.7447338846521508,0.0122106663157956
472,EnsembleTree(5),9,equal_opportunity,0.1135019917330184,0.0282560281019366,0.168095294704928,1848513007202.706,0.766185473637474,0.0163874943033033
473,EnsembleTree(5),9,group_fairness,0.0615587773282924,0.0082977696058471,0.0910920940908,0.3493625732320757,0.2338393684627333,0.0028030119302647
474,AverageEnsemble(6),9,disparate_parity,0.0931949272975036,0.0171039438130562,0.1307820469829717,953985720430.6532,0.6794450550010448,0.0106688774439997
475,AverageEnsemble(6),9,equal_opportunity,0.1047301703606119,0.0249628880430844,0.1579964811098161,1372239277445.049,0.7165597910494225,0.0144039290431379
476,AverageEnsemble(6),9,group_fairness,0.0510987655483947,0.0070948622342561,0.0842310051836978,0.163460363889732,0.1416775079057778,0.0021288085263589
477,EnsembleTree(6),9,disparate_parity,0.1026922024599593,0.0191422944185843,0.1383556808323546,1582940839859.5166,0.7445819721505718,0.0120945340141739
478,EnsembleTree(6),9,equal_opportunity,0.1138102386173616,0.0281496938031407,0.1677787048559523,1848513007202.708,0.7667227226387883,0.0163560602139258
479,EnsembleTree(6),9,group_fairness,0.0616478377521119,0.0083233455192951,0.0912323710055543,0.3544911918921978,0.2339430601519657,0.0028099016168585
